temperature,humidity,solar_intensity,salinity,water_output
47.5,55.87,772.47,39.52,56.54
45.69,36.97,1158.51,34.01,100.7
33.86,50.4,811.24,30.36,62.24
43.52,86.16,1187.83,40.27,82.38
45.02,62.37,831.89,42.81,60.55
35.95,22.31,1124.71,37.26,94.7
42.82,75.55,752.45,34.6,55.27
39.56,54.17,408.35,31.4,25.88
43.94,68.79,988.74,33.16,77.21
40.66,31.97,913.63,37.34,76.33
47.37,57.84,1079.36,36.8,82.22
33.33,29.93,584.26,33.1,44.27
31.43,25.74,1043.18,40.5,87.25
28.43,76.94,679.88,40.05,36.23
40.81,38.68,791.36,33.62,68.7
42.37,40.8,890.99,41.17,68.63
33.78,53.2,932.97,44.92,64.71
46.7,45.22,668.83,42.01,55.45
29.01,75.04,1128.99,39.79,73.25
34.7,61.05,476.19,44.48,32.3
26.56,61.32,829.92,32.91,53.11
35.74,35.25,883.49,38.33,73.79
30.55,71.86,1011.66,43.37,68.88
36.91,44.91,432.73,41.28,28.92
38.96,58.54,769.68,32.44,60.76
46.25,23.09,433.5,38.21,46.05
43.87,83.6,1079.52,31.59,76.62
34.24,46.45,853.68,33.72,62.4
29.08,30.51,1055.9,41.03,82.78
32.84,62.58,710.8,43.62,42.09
34.09,62.57,818.23,37.52,58.58
49.03,89.22,410.24,43.63,18.9
37.08,46.91,879.11,42.21,67.43
28.91,49.52,1057.32,38.51,77.15
48.79,30.5,1198.41,44.78,97.9
26.57,84.43,495.55,30.58,19.86
40.21,77.16,730.74,39.93,46.79
32.99,60.74,715.27,39.69,46.86
33.6,78.12,849.77,30.49,53.51
33.67,29.95,888.95,30.29,71.84
45.05,50.02,1174.81,37.04,95.24
34.53,71.16,582.66,36.05,35.63
25.02,85.59,981.34,36.52,60.92
32.46,30.78,1157.98,39.37,92.82
35.16,73.16,864.14,37.0,60.52
42.47,49.82,702.34,41.67,57.78
43.44,78.58,874.02,37.38,60.88
45.1,71.22,938.35,30.76,65.37
37.73,87.64,710.41,40.91,42.58
47.02,44.84,597.05,36.71,55.39
34.79,83.38,885.77,37.25,56.87
27.73,79.11,708.75,39.14,36.39
46.51,25.26,588.14,39.58,50.58
46.05,78.43,630.29,30.66,45.66
32.04,86.05,689.34,41.12,34.57
41.33,51.0,1079.99,39.11,79.36
30.58,21.08,1000.48,35.01,84.13
47.92,32.52,1129.08,30.78,99.6
35.08,37.85,432.23,35.78,34.2
43.71,73.43,936.19,42.75,64.19
25.2,79.39,1083.34,42.02,66.01
40.04,88.8,667.51,34.81,35.08
38.82,23.89,409.95,44.18,36.85
28.3,59.66,647.65,32.67,42.4
28.05,21.79,523.69,41.21,38.69
46.34,34.95,826.84,34.84,70.37
44.61,76.62,1117.28,39.56,76.13
29.39,72.38,1022.25,31.39,69.34
37.22,68.44,1129.93,44.58,78.02
34.9,62.32,733.87,30.53,53.99
40.21,34.4,463.32,32.65,35.71
27.14,53.36,929.82,37.85,65.66
30.37,76.56,408.86,33.45,17.44
31.59,32.92,890.1,32.4,74.59
25.76,26.13,957.09,30.32,75.62
30.52,66.46,705.91,30.97,49.5
42.18,73.28,1050.49,43.61,72.94
40.91,22.24,548.48,41.69,53.17
33.28,57.03,1117.95,32.17,79.08
26.11,22.1,851.22,34.14,62.87
30.76,35.03,1164.55,33.93,91.06
40.41,49.11,507.0,35.7,40.98
43.66,58.28,1161.53,43.83,86.53
41.48,88.45,818.86,40.07,56.67
28.13,75.42,655.76,42.34,39.84
35.19,65.35,1055.06,33.2,78.98
49.07,31.44,803.77,34.18,70.01
38.49,66.19,549.54,31.27,35.61
31.02,52.44,462.08,42.88,31.96
33.76,55.32,878.07,34.05,59.24
29.45,43.25,959.05,36.36,73.01
25.78,47.64,1152.75,44.38,76.95
37.07,89.54,1073.16,43.17,71.89
30.12,83.94,527.1,36.83,21.43
45.24,60.22,1110.29,34.96,82.22
48.58,21.48,1159.62,43.48,102.83
49.27,31.67,669.9,37.78,60.12
44.85,76.22,1171.65,39.41,89.0
34.36,82.33,587.95,31.01,36.7
33.33,69.14,1152.56,40.1,79.4
32.49,32.73,952.83,38.31,76.19
49.25,22.28,937.14,35.11,88.75
43.39,70.69,764.13,36.58,56.75
36.31,80.83,1181.89,41.04,81.4
44.72,61.48,858.81,36.11,67.36
28.4,78.52,751.37,35.65,40.96
34.66,22.17,419.4,36.05,32.7
29.92,20.96,949.43,44.26,77.35
40.22,45.79,816.35,41.4,63.82
27.24,74.37,1148.51,37.48,73.71
25.2,24.38,959.46,31.43,79.33
32.08,34.87,1091.48,31.31,88.65
39.06,68.05,793.6,43.77,57.96
48.77,57.68,670.37,30.09,56.25
45.27,46.35,1092.66,39.22,88.23
38.83,87.52,469.42,40.61,18.44
39.0,85.2,1128.82,36.57,77.46
26.11,39.47,532.69,43.83,33.69
44.48,26.55,968.14,33.21,89.4
31.71,80.71,503.32,38.72,21.03
37.76,53.31,586.81,40.85,43.47
46.31,85.64,408.25,30.73,22.73
28.01,45.58,657.94,35.29,50.14
42.32,77.13,430.15,43.01,21.65
39.91,53.03,1074.86,41.34,78.9
48.24,42.06,831.38,38.11,73.47
35.38,71.55,643.69,37.16,39.12
39.36,45.1,548.54,37.95,43.18
29.93,66.49,545.89,33.91,32.96
45.22,73.62,892.93,42.41,67.55
49.45,20.58,875.29,40.81,84.22
35.2,61.1,902.33,39.74,61.07
26.25,71.26,1142.23,41.47,79.05
28.94,72.32,653.52,36.6,41.29
35.32,50.73,1119.14,42.69,87.16
29.32,36.43,854.63,42.31,61.14
49.07,20.95,869.22,42.42,77.58
47.62,78.25,401.2,33.0,29.47
44.25,51.84,1050.91,33.81,81.8
40.25,89.66,688.77,35.01,38.37
40.89,73.38,992.25,40.57,68.8
26.06,24.74,1138.76,44.24,82.94
30.49,80.89,1179.72,30.5,80.81
33.95,40.64,1139.45,36.16,88.88
28.53,57.39,1140.03,39.61,76.29
44.99,40.54,491.77,42.94,44.41
41.32,36.73,953.25,33.18,76.56
48.77,47.01,1100.64,38.96,93.73
37.71,81.14,617.11,35.91,39.98
48.63,54.99,1072.34,43.92,81.73
42.16,49.33,1076.79,37.44,84.55
43.09,88.48,404.98,34.72,20.64
29.62,89.12,494.51,36.69,20.54
48.35,42.44,473.52,42.73,39.73
49.68,69.57,961.11,37.36,72.46
32.91,85.45,537.54,42.22,28.03
33.52,39.32,913.5,34.21,75.7
40.58,64.32,1165.66,44.85,88.56
35.69,36.46,410.88,44.98,34.17
26.94,44.8,594.42,38.1,41.07
26.07,84.21,642.29,35.37,28.4
34.75,65.3,713.12,39.63,50.74
31.97,89.4,892.27,44.24,47.71
40.13,43.47,591.03,44.87,47.05
39.32,88.16,558.95,36.99,29.09
42.48,36.59,700.7,33.02,58.96
45.5,80.18,1172.46,37.52,86.79
46.98,53.83,1108.86,35.23,93.73
30.38,59.01,719.25,39.19,51.06
44.47,44.65,529.24,33.07,47.69
34.33,66.68,412.73,42.01,20.99
49.1,64.62,503.87,36.92,38.35
41.91,86.52,792.8,37.65,54.92
43.03,59.85,1010.72,39.41,75.83
44.65,37.2,739.82,43.61,59.4
48.43,82.83,990.02,33.98,75.23
40.99,51.23,1019.51,44.18,80.28
33.48,46.65,1045.59,33.35,77.8
28.86,51.2,956.6,34.89,70.02
36.59,33.06,693.19,37.99,58.72
32.63,51.31,427.19,38.22,24.83
38.16,85.16,476.04,42.31,25.16
37.09,41.98,815.2,38.51,65.76
30.79,24.5,600.14,33.82,46.01
36.32,62.4,748.84,33.73,51.43
30.09,64.18,873.66,33.66,57.42
32.54,39.91,1195.92,38.24,91.91
47.26,68.38,594.22,34.11,47.18
33.08,54.66,537.29,39.37,32.51
47.29,87.38,684.82,42.89,47.79
46.74,49.54,993.45,40.21,83.87
28.53,59.55,1081.88,39.53,72.3
33.55,46.2,721.42,33.81,53.11
41.92,27.79,470.13,32.26,47.01
27.12,29.68,551.34,38.78,40.28
39.39,74.74,677.33,42.42,43.62
48.36,50.44,928.49,42.66,71.19
31.07,34.75,509.2,32.51,39.53
39.25,71.94,584.2,37.99,33.79
41.93,22.26,946.41,40.25,80.48
28.12,82.86,1071.55,39.58,67.63
29.32,72.11,843.5,35.07,50.75
39.26,48.49,989.54,30.26,79.34
46.04,78.62,784.75,40.74,51.99
41.13,53.89,1057.85,32.74,82.01
36.82,44.95,412.37,42.37,30.3
32.61,61.63,1189.11,34.49,89.68
34.85,62.6,563.58,38.4,35.38
32.02,57.64,422.67,32.75,23.88
49.17,24.35,1119.89,34.76,104.65
38.86,37.28,1161.51,35.26,89.88
47.8,52.48,974.1,31.97,79.38
28.74,45.74,942.86,44.68,67.89
38.01,66.07,429.94,40.27,20.66
30.8,69.38,809.93,30.64,55.73
28.36,20.2,851.05,35.45,65.12
41.85,22.97,844.63,33.36,76.72
34.38,51.93,647.4,38.73,49.79
37.64,41.23,937.82,39.02,75.9
34.46,53.84,1144.59,37.19,84.32
41.57,83.59,987.61,43.04,64.61
41.03,87.45,880.86,39.29,54.22
40.08,78.87,949.28,32.44,70.04
49.48,72.1,1035.17,37.57,77.8
41.05,35.68,752.44,36.4,62.58
49.11,51.53,455.85,35.32,42.23
40.16,66.53,838.12,31.76,65.19
32.31,23.41,820.95,39.0,68.25
31.84,61.32,966.04,37.07,66.25
48.44,77.73,564.05,36.97,42.05
27.28,36.95,1028.17,30.8,76.95
48.05,40.42,1161.49,34.88,102.45
31.78,88.56,845.94,33.94,46.19
47.62,77.86,959.29,32.67,72.69
43.5,62.02,992.98,32.23,74.44
48.89,55.62,647.27,37.09,56.08
28.9,57.76,499.71,33.71,28.57
35.03,76.86,403.96,44.59,21.5
26.74,51.18,1096.06,38.25,80.46
25.57,48.65,851.27,35.47,64.13
37.35,25.0,601.44,33.64,57.38
48.97,67.27,705.67,43.59,55.92
45.91,72.26,953.43,40.33,68.35
45.68,32.78,896.41,31.81,76.16
45.56,85.87,801.38,30.48,55.51
26.82,61.22,557.23,31.26,30.35
26.6,80.06,877.97,40.63,55.76
29.09,51.85,571.68,34.71,33.95
42.78,78.09,635.87,38.46,42.38
30.8,51.06,447.83,30.92,31.04
37.03,82.53,719.23,38.26,44.18
38.44,83.48,1110.69,35.91,78.84
47.35,53.62,759.28,42.27,55.24
35.58,80.38,1120.69,32.25,78.24
31.02,54.33,1128.34,39.19,76.67
32.14,39.7,870.01,41.78,68.74
30.5,68.25,690.72,44.39,36.5
30.78,32.62,890.53,33.97,74.38
48.64,64.45,599.35,43.78,39.82
41.6,86.87,551.12,35.57,34.42
48.78,77.23,708.72,35.62,50.23
39.05,49.63,1178.07,38.17,95.69
30.53,59.43,1012.07,32.46,73.42
34.0,49.07,1142.08,30.34,90.91
43.46,53.05,511.48,37.72,38.15
26.6,50.46,872.81,44.88,62.88
31.6,77.83,753.83,40.78,41.18
48.2,83.2,1081.26,32.15,75.73
28.15,58.72,962.48,31.26,66.03
45.8,71.76,973.74,38.16,70.95
26.44,59.44,600.46,38.67,35.96
47.23,74.74,1189.87,44.76,91.81
30.12,88.34,420.68,33.38,12.68
36.75,24.49,464.86,41.09,43.61
41.52,32.46,1161.36,44.35,98.4
29.5,55.76,429.5,34.61,27.25
44.2,51.43,957.68,36.52,76.0
46.06,61.81,1033.2,44.58,80.77
35.72,54.8,456.24,35.69,32.84
45.55,63.75,513.42,44.96,37.65
44.07,59.85,1117.54,41.12,84.4
34.86,77.25,1031.54,43.19,64.76
48.14,20.59,574.06,40.28,57.95
48.2,64.03,593.83,32.91,45.8
40.96,60.07,496.49,31.36,31.54
44.59,74.1,604.19,36.42,44.45
35.28,33.4,417.97,31.96,36.22
26.7,85.71,1076.07,33.05,64.73
36.12,86.25,966.24,37.63,63.91
36.98,50.89,833.9,40.4,62.64
47.03,22.97,667.11,31.8,61.57
37.81,65.39,694.73,42.41,42.98
40.51,59.71,1070.09,42.66,79.96
31.77,48.37,832.67,41.84,63.78
47.97,31.54,587.22,41.55,49.94
36.46,74.25,1099.49,37.58,75.74
32.81,33.0,403.65,34.48,31.44
36.02,60.53,646.26,42.4,44.47
44.62,80.74,885.47,30.02,60.01
43.12,23.53,932.01,32.97,77.85
45.74,31.42,1085.01,43.81,95.58
44.42,62.39,612.57,31.6,44.93
25.88,85.28,614.05,43.27,25.66
26.18,31.62,701.58,34.07,52.76
48.25,31.04,1045.35,35.06,94.07
26.49,58.97,596.54,32.25,38.2
39.91,44.89,560.46,37.47,39.27
41.52,23.95,922.81,39.27,83.93
29.99,33.16,779.21,33.63,57.52
29.43,45.48,479.96,40.8,35.31
27.74,52.68,993.8,34.08,73.05
28.21,84.88,554.61,34.06,22.87
39.51,55.72,655.9,33.13,52.36
36.44,70.7,813.49,40.06,51.0
32.87,48.18,475.0,39.68,30.83
47.74,73.85,1083.06,43.48,77.16
49.69,50.01,910.48,39.98,77.52
29.45,27.01,1117.75,42.75,88.09
46.29,41.22,461.71,44.45,35.22
49.65,59.01,828.43,30.24,67.94
33.91,67.3,806.33,33.36,58.6
26.42,43.96,900.89,35.66,65.52
38.97,49.52,621.84,31.73,45.12
46.43,47.31,1084.8,43.64,85.59
33.32,37.8,601.74,44.74,47.31
41.32,75.86,500.31,40.69,30.2
41.0,44.89,685.71,30.53,59.59
29.38,62.2,968.24,31.63,68.94
41.03,37.82,511.66,35.44,43.43
33.39,57.91,815.06,35.15,60.43
36.52,28.24,645.6,43.79,53.38
44.37,51.79,1025.49,38.27,79.36
36.21,32.33,878.65,44.43,66.98
44.05,73.09,1147.22,39.99,85.42
37.05,80.1,672.76,39.79,43.92
43.46,76.89,903.22,30.11,61.39
39.11,42.9,815.43,42.93,59.06
32.87,34.75,735.3,44.72,51.73
31.29,67.23,942.03,32.02,59.55
42.57,37.39,648.72,42.24,57.75
47.55,48.91,895.69,44.84,73.07
32.75,58.64,436.79,34.88,29.51
37.35,24.87,427.55,41.26,41.12
29.35,52.74,900.68,43.42,65.8
37.49,29.94,440.0,35.91,40.13
29.87,24.63,1123.67,32.12,90.98
37.44,59.5,496.46,31.01,36.96
32.66,30.38,572.2,38.16,47.3
36.25,68.83,1194.76,35.26,81.71
34.82,84.58,905.69,35.8,55.61
25.03,65.57,647.92,39.71,35.53
28.09,88.91,481.82,44.11,15.96
47.44,73.68,925.8,39.98,68.6
30.54,51.25,428.32,30.75,27.58
26.19,38.92,643.57,40.69,42.28
35.92,65.31,727.61,36.57,51.2
37.74,67.26,683.46,35.64,48.65
33.95,89.37,1128.03,32.1,71.49
39.46,61.0,1159.09,43.74,88.3
34.11,53.71,869.72,41.46,58.2
42.4,34.79,705.25,31.89,56.8
33.83,29.22,597.33,44.24,51.3
30.54,50.98,954.22,32.58,67.06
45.98,37.13,632.97,41.6,51.84
43.74,37.33,959.9,36.88,76.26
46.2,28.95,705.71,33.42,62.75
30.09,23.1,999.26,43.55,75.32
46.42,72.02,1004.8,37.17,74.01
43.97,59.84,632.62,36.1,43.39
48.13,86.3,994.71,40.2,74.38
47.21,75.17,538.5,41.97,34.61
30.48,76.41,900.36,35.29,58.52
33.09,27.22,909.27,32.89,70.1
27.2,22.29,1066.58,30.39,82.45
29.88,28.6,999.29,36.93,76.94
47.11,67.82,602.97,44.47,38.48
36.38,73.7,587.32,36.06,35.17
45.78,88.38,1189.23,39.23,85.45
38.16,55.34,968.21,32.24,69.96
42.05,52.22,879.46,44.93,64.28
45.55,68.47,535.39,34.23,39.09
27.42,37.59,560.76,31.85,44.64
41.45,49.0,1031.09,33.02,81.0
34.36,62.55,448.32,38.8,28.74
44.26,42.24,1151.63,31.19,93.05
40.03,45.72,1079.65,38.7,85.04
40.75,66.1,480.27,43.47,30.07
33.6,62.86,840.01,30.99,63.89
37.07,84.61,1195.51,41.25,76.54
32.17,74.64,940.17,34.91,60.4
47.26,84.39,465.38,40.34,23.07
41.7,39.07,988.39,41.83,79.13
34.97,65.87,587.94,35.32,35.52
27.27,37.46,873.25,30.12,62.42
46.22,29.97,544.82,41.44,51.91
29.1,32.46,560.64,44.02,42.34
44.13,78.02,886.82,34.12,65.64
31.46,58.86,563.83,39.95,30.79
43.21,64.84,1187.67,39.45,90.67
28.16,22.14,903.87,35.11,76.22
26.39,20.61,624.64,39.0,46.44
42.42,89.2,786.72,40.2,51.14
40.89,52.46,1065.63,42.95,77.65
48.07,87.43,833.32,33.56,57.21
28.2,33.54,920.13,31.84,73.49
32.69,78.97,1157.82,35.17,76.8
39.48,47.57,549.02,42.62,42.39
36.12,90.0,1199.49,41.14,83.44
40.85,44.42,767.54,43.09,56.7
38.5,44.74,1048.4,32.63,82.48
31.99,88.65,702.33,41.54,39.76
34.42,71.91,1066.73,42.67,70.7
44.62,68.95,1131.42,43.31,87.23
37.56,88.66,783.47,33.5,43.43
26.17,68.22,914.9,30.24,55.91
47.15,77.66,661.94,39.03,50.12
30.44,56.91,1035.94,30.71,72.94
43.24,39.45,764.37,37.72,62.64
29.17,73.96,748.97,35.31,40.7
39.16,40.02,565.27,43.33,46.85
38.06,39.28,535.7,40.53,38.59
30.32,87.81,900.63,32.65,59.17
37.29,27.31,502.32,35.49,47.87
27.42,79.99,1180.17,44.54,77.72
48.53,81.49,564.2,38.6,40.71
41.38,65.0,1109.8,34.88,83.45
42.61,52.02,677.68,39.15,49.06
43.56,71.15,942.47,35.61,66.12
30.04,50.81,423.72,36.98,23.35
33.3,85.69,635.58,37.81,30.86
40.56,21.47,553.82,35.34,50.55
33.28,22.02,1176.88,38.99,94.77
38.61,37.55,717.04,38.6,55.69
29.73,33.54,937.98,42.39,70.49
42.3,36.76,743.3,36.12,59.9
34.65,26.22,946.58,32.97,83.27
33.93,51.79,1117.65,35.72,81.55
26.44,56.86,832.99,42.06,59.31
25.89,64.75,406.69,43.05,19.5
41.27,26.72,598.4,31.76,55.21
27.38,51.18,488.71,35.52,34.32
35.97,40.52,581.07,42.31,43.1
30.12,25.0,706.21,33.01,60.98
40.66,27.66,810.6,35.1,74.42
43.73,20.14,573.91,42.36,55.4
26.22,62.33,1020.92,42.57,64.65
29.01,39.88,792.55,42.15,62.26
35.93,61.12,777.21,32.51,58.7
30.51,69.73,731.74,42.72,45.53
43.16,32.06,627.82,34.35,55.87
49.78,44.31,912.33,40.04,79.19
43.49,88.11,655.81,36.97,39.38
27.93,35.2,1008.77,40.01,71.17
34.16,55.92,547.16,44.61,36.05
34.78,77.75,702.4,32.41,45.93
40.22,26.87,507.1,40.18,40.09
49.58,80.46,554.65,38.6,33.51
45.46,80.2,768.2,32.84,57.15
35.01,60.58,693.66,42.24,42.42
29.4,49.77,1082.32,38.2,75.47
38.27,25.63,953.57,36.84,78.09
33.93,61.61,1104.91,31.28,82.4
37.14,51.99,804.39,32.96,62.17
26.36,89.16,771.06,31.88,45.2
40.17,80.02,751.09,40.21,44.7
35.09,84.43,867.91,32.57,55.38
30.06,32.12,904.11,44.97,68.82
27.17,81.84,864.25,37.13,54.54
37.7,82.56,438.68,39.62,16.8
32.2,56.41,1034.4,40.38,77.98
40.24,29.06,759.82,44.5,67.94
37.4,76.19,869.4,32.34,55.99
38.01,88.42,921.14,34.47,64.08
41.66,63.15,782.81,38.8,55.1
32.71,50.47,924.93,44.44,64.06
45.24,44.79,692.64,40.28,54.63
29.26,32.52,452.13,42.72,36.12
48.42,63.74,531.51,33.74,37.35
42.54,80.02,622.86,36.44,38.02
48.98,45.12,922.34,33.88,75.43
47.77,57.16,464.29,39.84,38.96
36.42,75.23,994.19,37.71,65.11
31.48,51.59,693.18,37.16,51.51
33.05,25.26,1023.61,37.66,84.16
44.19,62.62,626.66,42.97,43.35
43.35,58.56,927.83,31.15,74.76
25.54,32.23,693.38,30.04,51.39
25.09,79.33,748.38,31.96,46.01
44.85,29.65,556.11,33.57,54.32
31.03,36.08,667.88,44.17,52.56
27.36,52.89,1132.01,39.43,83.92
44.59,66.5,719.63,31.34,51.64
41.87,44.39,739.21,42.81,60.25
48.19,24.92,1017.02,34.64,92.86
35.31,33.08,1101.3,38.11,92.81
50.0,53.36,1124.09,34.79,95.33
32.53,45.86,844.89,31.8,64.13
48.41,39.78,799.68,33.66,71.85
28.38,68.69,793.88,41.0,48.98
32.4,76.39,517.3,40.29,24.41
48.25,83.22,505.02,36.47,35.08
49.83,46.09,406.1,41.97,31.81
32.52,27.2,517.06,31.79,38.42
46.84,73.19,1073.62,41.58,74.59
32.63,73.78,658.39,41.64,38.29
40.36,72.25,1122.91,34.25,85.59
30.5,80.64,563.58,38.46,24.98
47.09,32.35,615.53,30.83,56.91
33.48,57.65,759.62,42.53,51.44
36.62,50.98,436.32,43.31,27.26
36.28,67.48,957.25,35.14,70.81
49.8,66.71,1070.46,37.82,86.5
48.1,88.67,1109.49,42.22,80.06
43.18,66.53,678.05,44.71,50.17
42.15,62.65,667.73,31.98,50.43
46.62,44.28,829.56,32.42,74.86
49.29,45.25,480.46,33.94,38.04
30.65,50.43,500.44,37.39,30.6
38.36,36.54,1044.07,33.11,82.16
42.54,72.49,692.26,42.79,49.34
28.14,76.1,655.96,38.31,38.74
37.16,40.29,465.56,38.49,36.26
31.87,65.38,830.41,42.58,55.35
34.03,38.62,637.85,39.62,45.07
49.57,84.7,1099.06,35.63,76.75
33.4,44.86,998.14,36.78,76.52
25.38,57.91,988.1,31.1,71.56
47.38,50.15,627.17,43.17,46.12
45.01,37.74,1044.49,35.5,85.69
39.45,66.35,539.08,38.63,31.79
41.38,78.26,544.3,35.59,32.75
32.55,76.15,425.48,43.87,22.25
25.44,84.01,711.89,44.66,30.98
25.15,88.49,1090.24,40.88,62.19
35.25,27.99,566.91,34.2,47.52
26.85,81.99,1007.76,41.08,60.29
40.13,49.77,1134.69,38.89,91.19
25.65,52.45,1044.66,39.94,73.47
30.34,80.26,815.05,37.37,49.85
41.54,64.14,955.24,44.51,65.56
25.54,71.52,924.86,35.51,55.81
43.96,60.18,462.24,44.13,27.35
40.71,68.46,477.26,34.59,28.86
44.82,80.04,909.35,30.18,60.39
30.09,76.81,456.47,34.91,18.01
46.77,80.14,502.45,31.92,28.96
34.96,75.95,679.42,44.12,37.0
40.22,29.04,479.84,40.74,40.59
43.71,33.58,725.25,38.3,66.36
28.19,27.46,689.14,31.71,51.36
35.22,20.65,570.14,34.19,45.62
38.43,59.02,1147.65,36.14,81.25
35.43,52.35,705.98,36.64,46.98
47.39,83.72,713.53,35.7,51.14
45.92,65.11,1189.33,36.66,86.59
37.18,41.27,549.42,40.66,44.28
42.29,73.74,724.3,35.84,46.33
30.9,30.59,900.17,38.56,65.7
27.6,67.93,412.34,34.54,21.11
46.84,43.93,882.07,44.45,76.14
29.43,64.26,795.21,43.39,54.69
28.82,39.2,448.05,42.02,34.39
44.83,55.43,880.49,34.46,71.99
25.88,51.75,1050.75,37.8,73.83
47.96,43.84,560.72,32.08,45.88
36.12,88.39,437.63,44.77,13.05
49.73,28.05,722.75,38.34,66.59
44.99,45.07,901.63,35.47,72.48
35.66,77.63,439.72,43.46,19.69
38.15,49.23,880.32,43.99,68.76
25.05,47.79,526.33,35.42,33.44
27.26,49.49,902.81,43.86,62.12
46.7,85.65,459.7,35.59,26.33
35.35,30.66,629.94,36.19,48.49
49.56,37.93,918.56,34.47,82.04
36.67,20.01,432.65,38.06,44.03
44.23,51.51,966.8,40.53,78.34
39.51,35.6,560.83,36.68,46.15
32.75,74.69,1024.15,31.82,70.87
43.98,31.72,595.92,34.93,57.66
46.97,77.96,879.41,31.58,67.35
26.37,79.58,794.38,30.99,48.11
45.66,44.84,467.39,43.37,37.81
40.76,27.96,949.24,41.28,79.96
27.19,38.36,426.2,40.05,32.44
42.95,87.46,917.42,32.95,57.21
46.85,35.91,709.26,36.69,62.53
41.32,50.23,1085.07,39.83,80.52
41.49,55.65,401.34,44.26,30.09
45.58,83.85,899.66,38.71,64.41
33.51,72.38,755.01,42.59,46.65
45.18,63.52,954.21,35.55,71.76
27.78,22.79,1042.43,38.78,85.3
34.31,33.95,626.78,39.2,46.68
25.78,89.58,497.77,32.15,22.84
26.39,22.13,569.6,41.91,43.56
37.77,29.74,1001.58,40.36,81.95
48.47,57.39,763.81,30.66,63.21
34.17,26.72,1044.05,35.15,85.01
31.57,73.95,772.62,38.75,44.73
39.64,50.82,1005.99,37.4,77.13
25.76,82.43,852.36,34.34,44.67
29.42,89.95,662.55,37.74,29.93
37.62,25.59,516.14,38.32,47.24
39.84,24.7,929.23,39.56,81.51
26.08,21.39,916.04,30.9,76.87
37.88,81.08,692.18,39.93,39.63
25.75,20.64,1143.51,39.3,92.73
42.74,61.82,837.36,41.44,65.02
40.55,73.23,1117.58,32.65,84.08
45.69,77.51,856.88,44.11,54.65
34.82,56.07,695.78,43.85,43.79
40.22,34.47,1087.22,36.31,86.2
29.96,46.89,667.95,37.9,47.05
38.65,63.45,455.64,37.94,30.4
48.8,82.43,493.69,37.26,35.41
36.83,70.8,754.76,42.39,45.15
29.44,37.62,554.63,33.13,43.7
28.59,31.7,694.94,32.9,55.51
40.03,20.2,456.13,31.97,43.47
30.09,72.9,1176.75,34.73,82.81
41.0,80.76,615.93,35.61,42.1
34.91,21.18,461.33,44.57,40.71
43.22,81.31,1039.81,32.55,70.36
47.99,67.36,996.24,31.13,78.29
28.75,25.21,1187.56,32.18,98.19
25.8,46.75,869.26,34.34,64.62
31.81,36.12,814.89,37.69,65.84
33.55,31.93,882.4,39.86,74.3
47.64,72.61,656.94,30.39,51.65
39.62,76.53,920.98,36.05,59.13
31.66,84.51,979.92,38.43,61.93
25.43,56.29,1064.16,38.67,71.23
29.05,25.86,1129.44,41.68,89.31
43.42,46.33,993.47,32.58,82.79
33.39,69.2,805.51,33.72,50.36
40.53,36.22,921.36,40.41,77.93
35.46,67.26,1156.53,43.6,81.76
34.53,58.16,766.42,39.84,54.54
25.17,87.36,1196.16,42.05,77.1
35.67,88.6,815.64,32.6,52.22
43.89,61.28,894.93,34.15,71.0
45.51,58.38,756.54,43.2,53.4
35.84,60.67,1059.05,41.56,80.22
43.7,24.09,1126.71,32.55,95.28
41.47,21.11,878.74,42.26,77.98
34.31,86.02,608.06,40.41,32.19
36.21,75.53,973.8,38.43,62.88
34.36,22.54,704.98,32.09,55.47
42.73,87.06,826.77,33.85,59.22
49.79,80.26,724.9,37.95,47.52
36.87,73.91,953.24,36.78,64.9
33.95,66.15,873.58,33.07,57.29
38.38,37.48,744.21,44.75,53.7
37.65,35.8,827.13,35.63,62.29
42.03,69.98,945.98,44.17,63.34
36.7,72.77,865.71,40.34,55.31
37.01,53.67,568.93,41.53,38.09
42.73,84.07,1000.4,43.09,65.5
46.92,48.92,712.45,39.06,61.67
49.45,27.85,1158.94,32.4,106.06
31.89,89.11,1043.5,33.48,63.35
27.86,54.77,546.22,38.14,38.04
46.78,46.32,1174.3,30.86,99.01
31.16,30.81,1001.94,33.14,83.39
35.09,87.68,933.31,42.82,58.38
34.02,64.56,555.89,33.15,33.65
41.3,65.56,464.02,31.83,35.98
39.51,42.46,1081.72,39.53,83.24
47.14,70.53,703.37,32.58,49.56
42.74,34.49,551.0,43.97,48.4
38.62,44.04,459.66,35.72,33.92
41.87,26.11,665.21,32.54,55.45
41.41,36.99,649.19,31.55,55.49
26.1,73.93,832.6,35.25,48.44
42.07,60.58,777.9,34.22,60.9
36.97,51.28,725.72,42.7,51.08
46.82,68.87,464.94,35.62,36.37
39.7,30.31,400.48,37.75,36.58
34.05,73.87,611.42,42.73,32.1
29.1,20.8,937.43,39.56,70.71
27.3,71.63,965.63,33.28,59.45
34.95,57.15,401.58,42.11,24.84
36.32,43.27,1139.19,38.41,85.02
30.73,73.04,945.77,44.72,55.66
43.34,57.56,1184.24,39.38,89.33
34.48,87.97,865.54,38.16,51.87
40.38,28.54,1025.09,37.4,81.57
48.56,26.41,404.31,39.89,43.66
25.67,61.83,786.3,34.7,52.23
25.69,23.42,582.59,34.23,44.11
34.08,67.9,596.88,42.29,37.61
49.51,81.38,459.61,40.06,32.08
36.73,87.43,817.33,31.61,50.64
27.36,65.16,596.86,38.56,32.09
49.0,38.23,968.52,43.31,81.05
42.42,71.38,500.09,33.51,33.92
44.09,48.72,734.74,33.22,59.3
29.83,23.62,516.67,43.57,44.91
28.72,78.17,793.09,35.05,47.97
36.59,71.03,906.76,35.81,66.29
37.47,74.28,599.71,39.59,34.51
25.12,49.64,671.7,40.39,41.76
43.14,54.72,870.84,39.58,65.22
40.58,67.89,401.65,35.93,28.55
47.75,48.55,1102.71,40.28,90.5
33.67,70.42,727.67,39.2,49.27
34.36,24.55,1185.15,40.97,100.88
31.36,39.61,1159.4,32.46,89.48
39.61,60.7,1139.28,37.71,89.35
49.78,40.73,641.11,39.89,54.06
46.56,33.47,990.51,30.5,89.68
44.73,22.71,891.67,34.7,80.17
38.2,83.76,1186.34,35.15,83.48
49.23,48.9,1190.29,43.66,92.53
25.45,49.61,429.72,37.11,29.41
45.32,55.33,592.38,32.89,50.57
42.6,33.19,853.38,36.25,74.58
43.43,47.43,1141.28,32.08,95.57
47.5,41.47,721.24,37.23,62.12
37.17,75.32,883.84,34.95,55.69
44.58,28.13,1196.42,36.23,101.26
29.07,23.73,699.23,33.63,55.66
46.7,36.76,448.45,36.47,36.66
32.17,44.64,870.52,33.35,64.49
47.0,54.88,418.33,35.18,35.63
33.95,44.84,713.56,43.03,52.22
26.14,68.2,876.5,39.77,52.7
45.75,36.09,1165.25,38.97,96.59
35.71,69.31,484.88,42.48,29.4
31.7,23.71,1088.46,44.95,89.25
49.38,50.54,574.98,37.74,49.25
26.13,76.3,853.73,43.18,51.41
36.17,78.67,409.18,30.39,23.29
26.39,30.98,1075.3,37.44,86.26
25.2,42.14,450.83,36.34,27.15
43.59,37.91,964.07,42.96,81.02
47.62,54.95,773.67,36.28,58.96
35.07,66.63,455.34,36.54,25.24
32.28,74.92,697.73,32.64,39.44
35.18,58.82,451.63,42.51,29.38
31.41,54.2,594.92,30.59,44.37
25.1,33.34,408.78,40.41,30.81
49.64,50.07,1159.43,36.8,92.55
49.8,27.99,848.05,41.14,73.62
40.4,74.73,778.41,33.59,48.34
38.82,35.45,535.55,34.61,45.81
26.7,60.4,967.98,35.72,67.44
31.82,55.3,858.45,44.32,55.15
46.44,47.65,958.5,36.72,81.75
46.8,83.66,840.41,43.73,57.66
43.79,22.03,795.67,37.15,68.35
44.11,83.66,811.7,34.09,50.24
37.04,53.82,480.62,42.13,30.6
36.82,49.89,861.35,41.15,68.02
48.23,66.15,508.64,30.57,39.76
47.68,29.14,1106.05,40.64,93.9
35.86,36.59,1043.88,39.94,84.26
37.95,24.44,496.14,31.03,44.78
48.38,73.92,909.61,34.23,69.15
46.25,33.97,1030.05,43.48,86.78
30.49,74.66,861.28,33.11,51.47
34.04,59.3,804.5,34.92,61.41
31.69,82.92,678.11,38.04,39.1
27.96,42.3,1122.02,43.21,82.28
26.87,44.39,803.5,40.75,58.01
32.67,40.64,1125.76,43.83,86.46
28.53,72.47,711.83,40.95,40.81
42.23,46.29,988.29,34.59,76.24
31.97,59.48,1001.47,37.49,66.56
41.88,58.63,593.35,34.32,39.22
34.43,23.07,434.95,41.39,33.01
37.18,66.94,1132.56,42.05,84.46
39.15,89.84,613.18,34.56,36.67
43.93,50.12,683.77,30.53,56.53
31.16,30.9,447.88,33.26,37.82
41.6,30.48,424.82,40.39,35.76
34.72,56.18,906.07,39.11,63.91
46.56,33.86,928.86,43.14,79.99
26.25,32.13,1016.63,42.32,75.04
30.93,56.57,844.77,41.68,52.92
44.13,45.05,768.74,36.98,64.85
40.08,48.97,572.98,32.83,47.23
42.07,26.87,1038.86,33.48,87.53
25.15,42.64,1160.36,43.71,87.36
37.16,37.61,1177.16,33.73,92.35
39.59,45.93,1189.73,42.68,94.88
49.54,42.01,738.24,34.32,62.55
33.63,69.56,632.07,30.58,38.06
40.31,35.62,716.19,33.01,60.1
40.27,29.32,1007.0,35.92,85.46
36.96,59.34,808.23,39.46,53.0
25.03,74.03,806.69,44.24,43.69
44.17,77.73,849.29,30.69,57.19
38.52,86.62,904.72,39.97,56.15
34.31,58.52,939.78,33.14,67.01
34.02,21.19,771.2,32.33,63.86
39.34,54.04,859.9,30.09,66.33
40.59,48.66,614.19,37.63,44.19
44.28,29.72,413.41,39.24,36.55
27.79,23.07,643.75,41.25,52.57
42.3,33.09,1187.11,41.99,100.14
38.67,68.71,1101.23,42.53,74.09
30.83,42.74,586.48,35.72,39.31
32.78,29.75,982.28,30.38,81.41
30.75,20.37,555.36,31.95,44.39
37.08,78.57,505.6,37.53,24.94
39.13,72.88,932.48,35.08,69.12
29.94,25.7,702.96,33.62,61.63
31.34,80.99,922.75,33.33,56.14
34.98,64.24,835.26,37.98,56.13
32.61,56.62,749.7,39.62,51.34
35.94,85.11,733.47,31.05,44.03
49.65,89.96,1118.17,33.09,83.19
48.46,61.81,807.32,40.8,61.4
29.64,53.13,1171.58,33.33,82.85
31.46,31.57,611.06,43.39,43.8
40.33,21.89,670.59,30.03,62.88
49.58,28.82,836.31,38.22,70.68
45.66,47.03,990.31,36.78,81.33
34.55,61.26,1066.64,40.72,74.76
28.39,36.29,852.23,36.33,63.86
48.88,65.24,725.94,44.51,50.49
37.25,59.54,466.6,37.97,31.2
38.81,45.27,878.69,43.29,69.31
43.65,76.76,1086.64,38.86,74.0
36.39,65.24,765.99,41.13,47.7
30.44,68.23,665.08,36.46,36.07
41.61,23.57,432.26,42.77,36.24
45.77,22.08,821.24,43.41,68.66
31.03,26.3,656.38,32.49,50.0
38.78,32.14,458.13,39.81,40.16
44.46,59.65,729.56,33.61,55.93
43.5,87.59,513.87,41.5,28.79
47.6,24.21,752.94,35.39,70.06
26.52,32.59,689.93,30.16,52.64
31.32,63.39,1061.72,39.92,75.56
42.07,49.42,1015.87,41.37,77.15
31.18,86.9,429.79,33.44,14.83
39.38,54.74,813.76,35.35,60.57
27.21,65.25,1017.6,31.03,73.86
39.83,59.1,624.52,44.55,41.6
26.12,34.93,795.97,40.72,58.43
48.83,34.18,542.18,31.23,54.4
41.83,57.38,1020.8,43.76,72.34
48.3,20.39,1180.71,41.08,106.11
37.51,32.33,1006.08,35.52,85.94
47.57,79.36,650.29,34.5,44.7
40.47,55.23,1096.76,43.91,87.3
43.46,33.48,626.27,39.85,58.54
26.92,50.23,880.32,31.21,60.05
33.0,46.27,999.15,31.97,75.67
37.34,69.81,895.51,34.99,62.26
28.79,50.02,1028.47,35.87,79.25
43.7,80.89,1164.45,36.31,87.28
42.64,34.56,975.23,37.18,85.13
26.98,22.51,679.97,35.31,52.23
44.65,64.71,808.15,39.42,59.45
47.0,37.02,812.5,40.03,68.36
30.05,69.54,490.48,32.97,28.86
26.92,68.99,440.5,32.21,26.25
35.24,77.17,1070.87,36.35,73.53
35.08,33.83,498.71,42.72,37.88
30.43,37.1,750.45,34.17,61.88
26.95,73.96,423.36,32.23,18.97
36.22,28.52,509.51,31.95,44.21
47.44,31.46,471.97,37.41,46.27
31.49,60.53,708.62,42.65,43.98
36.76,52.51,948.5,40.7,68.24
32.97,50.43,1160.35,35.27,87.52
28.93,40.03,1148.14,44.39,87.85
29.52,73.57,530.2,35.66,28.56
44.68,49.41,570.56,38.62,43.25
43.96,78.43,571.0,39.21,34.46
39.93,21.79,633.54,38.2,54.14
25.99,82.91,863.74,37.84,45.08
44.34,21.14,1015.64,31.72,91.74
31.18,56.0,555.05,30.54,40.79
38.21,51.21,517.14,41.98,40.64
31.23,53.8,592.76,36.35,41.33
30.6,48.1,580.52,30.55,37.6
44.23,54.11,1132.02,39.16,92.66
34.41,80.09,648.52,35.09,39.67
27.13,25.7,1196.06,39.67,94.74
46.19,80.01,639.18,31.83,42.93
38.08,66.07,447.48,40.24,26.51
31.32,77.86,1161.85,42.66,76.17
42.27,36.62,938.28,43.39,74.5
40.13,69.94,1158.34,37.58,79.95
34.82,81.92,826.55,37.97,55.67
49.96,33.31,1095.96,30.78,93.0
37.49,52.46,963.91,34.76,70.51
38.94,88.94,406.62,39.81,21.8
28.09,58.19,678.06,31.95,46.12
34.51,22.73,875.41,39.47,73.94
49.77,53.22,776.54,39.89,61.5
38.21,65.76,899.04,31.55,68.61
36.79,76.1,1081.87,40.52,69.13
34.88,66.61,1186.88,31.47,84.13
36.55,23.68,813.47,34.34,67.89
37.51,44.05,561.21,41.11,40.5
37.12,40.51,592.39,43.5,49.63
28.97,42.31,955.49,35.45,73.85
42.79,59.61,438.94,34.35,27.67
26.5,63.97,581.16,39.11,28.66
48.81,70.43,858.1,36.49,67.47
30.8,48.48,710.92,31.56,51.37
27.82,59.66,1059.82,35.89,71.67
44.65,21.33,808.22,36.28,69.87
31.08,67.05,610.82,31.54,36.25
48.79,37.64,409.02,38.6,41.63
40.48,61.22,951.65,34.05,72.69
37.89,46.46,658.51,39.07,45.32
43.48,53.04,970.89,36.79,75.96
42.06,22.33,526.41,40.19,47.3
45.66,32.6,418.33,39.47,40.6
26.67,57.79,687.69,34.68,45.75
29.47,81.88,1084.42,32.38,69.09
29.04,29.39,954.1,39.29,72.74
39.27,70.02,898.97,33.16,64.72
31.24,65.75,665.35,43.29,40.71
25.78,86.48,1184.06,36.28,75.92
39.47,48.74,1090.09,36.45,84.89
49.73,65.55,860.86,39.11,62.5
36.3,64.12,418.69,35.27,27.8
39.08,32.83,919.78,38.11,80.28
46.04,65.85,1048.58,43.28,82.72
27.03,65.72,425.42,37.75,18.06
46.63,74.92,969.97,40.64,74.05
48.35,49.02,694.06,32.03,54.5
38.57,82.63,744.64,35.64,46.53
36.2,63.74,938.99,37.33,64.28
45.65,65.89,484.43,32.54,30.62
32.44,55.86,1126.11,36.02,77.61
44.54,88.27,838.42,32.15,58.99
48.89,30.47,675.03,44.96,58.21
29.78,20.96,535.51,42.43,45.12
33.06,41.11,1119.75,33.43,90.04
40.37,63.95,965.99,38.01,66.58
37.24,22.54,695.34,33.83,57.95
32.13,40.5,913.25,39.26,67.33
32.43,31.22,847.64,31.83,72.81
29.73,45.57,655.04,31.87,49.92
49.25,73.52,604.45,30.42,47.55
25.3,78.77,1005.48,37.8,62.01
30.07,65.58,1173.08,32.67,86.5
32.7,85.03,744.87,32.3,45.18
37.25,37.52,543.17,42.62,47.17
38.07,40.81,704.94,38.24,52.38
38.71,76.38,853.78,41.4,56.07
42.06,76.33,744.32,36.25,54.41
37.39,43.16,578.25,42.54,39.0
27.36,65.2,462.97,41.01,23.13
34.49,77.99,442.57,31.11,24.29
39.79,77.01,1159.64,33.14,82.41
49.05,66.52,980.36,42.28,74.06
42.02,50.96,585.43,43.61,45.59
34.66,50.02,1020.01,32.24,80.72
34.05,59.34,517.21,41.98,33.97
28.5,40.8,475.58,44.29,35.12
33.08,64.48,797.12,37.61,54.2
40.18,75.8,1099.26,31.39,78.12
32.41,52.96,1041.56,35.6,72.08
28.45,85.37,898.25,42.28,52.38
26.15,47.66,1029.37,41.61,70.32
42.57,75.8,484.91,33.15,35.39
35.83,70.76,1139.6,44.89,81.71
41.54,63.56,411.52,33.09,27.08
29.04,37.99,410.06,30.89,32.83
40.0,29.29,688.76,34.0,61.57
48.21,40.16,414.3,30.21,43.41
36.34,50.62,1070.3,34.05,82.09
48.3,74.3,828.12,35.02,63.53
31.83,86.32,700.18,43.48,36.4
42.36,50.1,404.12,40.24,30.24
33.04,28.55,1048.96,38.81,87.57
29.05,73.61,670.42,40.81,37.41
49.02,78.74,931.6,33.81,70.71
33.76,77.12,979.73,36.05,64.02
34.29,54.71,830.9,44.31,57.59
46.53,32.78,1033.49,33.95,88.22
49.73,86.49,1154.2,33.95,86.86
25.25,65.8,1158.13,30.52,81.98
25.26,82.82,1022.88,42.07,56.89
40.22,38.12,1060.68,35.38,87.46
27.52,26.53,967.55,35.15,75.34
32.62,35.02,655.96,42.87,51.5
40.83,42.15,859.29,40.72,64.84
42.75,79.62,980.9,36.2,68.47
31.85,69.45,1157.05,36.19,83.8
35.47,75.03,744.19,35.01,45.51
27.64,54.52,444.31,35.22,26.17
34.29,24.0,525.72,30.24,44.95
45.17,76.27,439.21,31.61,25.16
41.39,39.11,1194.07,42.89,97.29
39.47,82.75,866.53,41.61,52.68
34.98,28.11,956.58,37.79,76.21
25.35,23.31,596.89,44.97,39.44
39.95,67.71,1139.33,43.61,86.27
47.22,33.16,776.61,33.28,72.37
